{
  "project_info": {
    "project_number": "1060381303142",
    "firebase_url": "https://bikeapp-2019.firebaseio.com",
    "project_id": "bikeapp-2019",
    "storage_bucket": "bikeapp-2019.appspot.com"
  },
  "client": [
    {
      "client_info": {
        "mobilesdk_app_id": "1:1060381303142:android:982eb7d65e41688da7e8a7",
        "android_client_info": {
          "package_name": "com.example.flutterbase"
        }
      },
      "oauth_client": [
        {
          "client_id": "1060381303142-7bv3m1t28546ipqi262le96gst7vh70d.apps.googleusercontent.com",
          "client_type": 1,
          "android_info": {
            "package_name": "com.example.flutterbase",
            "certificate_hash": "86bd70afceda2deae059f68e9643fa6fa97cedae"
          }
        },
        {
          "client_id": "1060381303142-6ieo7h863perv9b3gog691btubcv03eu.apps.googleusercontent.com",
          "client_type": 3
        }
      ],
      "api_key": [
        {
          "current_key": "AIzaSyA4ytHOV-3bQzTeGPwoh9LUBD87CjpB_lY"
        }
      ],
      "services": {
        "appinvite_service": {
          "other_platform_oauth_client": [
            {
              "client_id": "1060381303142-6ieo7h863perv9b3gog691btubcv03eu.apps.googleusercontent.com",
              "client_type": 3
            }
          ]
        }
      }
    }
  ],
  "configuration_version": "1"
}